drop   table dept purge;
CREATE TABLE DEPT
       (DEPTNO NUMBER(2) CONSTRAINT PK_DEPT PRIMARY KEY,
        DNAME VARCHAR2(14) ,
        LOC VARCHAR2(13) ) ;

drop   table emp purge;
CREATE TABLE EMP
       (EMPNO NUMBER(4) CONSTRAINT PK_EMP PRIMARY KEY,
        ENAME VARCHAR2(10),
        JOB VARCHAR2(9),
        MGR NUMBER(4),
        HIREDATE DATE,
        SAL NUMBER(7,2),
        COMM NUMBER(7,2),
        DEPTNO NUMBER(2) CONSTRAINT FK_DEPTNO REFERENCES DEPT);

drop   table bonus purge;
CREATE TABLE BONUS
        (
        ENAME VARCHAR2(10)      ,
        JOB VARCHAR2(9)  ,
        SAL NUMBER,
        COMM NUMBER
        ) ;

drop   table salgrade purge;        
CREATE TABLE SALGRADE
      ( GRADE NUMBER,
        LOSAL NUMBER,
        HISAL NUMBER );
        
INSERT INTO DEPT VALUES (10,'ACCOUNTING','NEW YORK');
INSERT INTO DEPT VALUES (20,'RESEARCH','DALLAS');
INSERT INTO DEPT VALUES (30,'SALES','CHICAGO');
INSERT INTO DEPT VALUES (40,'OPERATIONS','BOSTON');

INSERT INTO EMP VALUES (7369, 'SMITH' ,'CLERK'    , 7902, to_date('17-12-2010','dd-mm-yyyy'),  800, NULL, 20);
INSERT INTO EMP VALUES (7499, 'ALLEN' ,'SALESMAN' , 7698, to_date('20-02-2011','dd-mm-yyyy'), 1600,  300, 30);
INSERT INTO EMP VALUES (7521, 'WARD'  ,'SALESMAN' , 7698, to_date('22-02-2011','dd-mm-yyyy'), 1250,  500, 30);
INSERT INTO EMP VALUES (7566, 'JONES' ,'MANAGER'  , 7839, to_date('02-04-2011','dd-mm-yyyy'), 2975, NULL, 20);
INSERT INTO EMP VALUES (7654, 'MARTIN','SALESMAN' , 7698, to_date('28-09-2011','dd-mm-yyyy'), 1250, 1400, 30);
INSERT INTO EMP VALUES (7698, 'BLAKE' ,'MANAGER'  , 7839, to_date('01-05-2011','dd-mm-yyyy'), 2850, NULL, 30);
INSERT INTO EMP VALUES (7782, 'CLARK' ,'MANAGER'  , 7839, to_date('09-06-2011','dd-mm-yyyy'), 2450, NULL, 10);
INSERT INTO EMP VALUES (7788, 'SCOTT' ,'ANALYST'  , 7566, to_date('13-01-2017','dd-mm-yyyy'), 3000, NULL, 20);
INSERT INTO EMP VALUES (7839, 'KING'  ,'PRESIDENT', NULL, to_date('17-11-2011','dd-mm-yyyy'), 5000, NULL, 10);
INSERT INTO EMP VALUES (7844, 'TURNER','SALESMAN' , 7698, to_date('08-09-2011','dd-mm-yyyy'), 1500,    0, 30);
INSERT INTO EMP VALUES (7876, 'ADAMS' ,'CLERK'    , 7788, to_date('13-07-2017','dd-mm-yyyy'), 1100, NULL, 20);
INSERT INTO EMP VALUES (7900, 'JAMES' ,'CLERK'    , 7698, to_date('03-12-2011','dd-mm-yyyy'),  950, NULL, 30);
INSERT INTO EMP VALUES (7902, 'FORD'  ,'ANALYST'  , 7566, to_date('03-12-2011','dd-mm-yyyy'), 3000, NULL, 20);
INSERT INTO EMP VALUES (7934, 'MILLER','CLERK'    , 7782, to_date('23-01-2012','dd-mm-yyyy'), 1300, NULL, 10);

INSERT INTO SALGRADE VALUES (1,700,1200);
INSERT INTO SALGRADE VALUES (2,1201,1400);
INSERT INTO SALGRADE VALUES (3,1401,2000);
INSERT INTO SALGRADE VALUES (4,2001,3000);
INSERT INTO SALGRADE VALUES (5,3001,9999);
COMMIT;
